entry,exp,spot,settle,k_short,k_long,width,credit_natural,credit_mid,gate,pnl_natural,pnl_mid,move,year
2018-01-02,2018-01-08,2695.79,2747.71,2630.0,2610.0,20.0,0.07999999999999996,0.20500000000000007,1.0,0.0038399999999999984,0.009840000000000003,0.0192596604334907,2018
2018-01-09,2018-01-16,2751.3,2776.43,2685.0,2665.0,20.0,0.07999999999999996,0.1899999999999999,1.0,0.0038399999999999984,0.009119999999999994,0.009133863991567459,2018
2018-01-17,2018-01-24,2802.57,2837.57,2735.0,2715.0,20.0,0.48,0.6299999999999999,1.0,0.023039999999999998,0.030239999999999996,0.012488537306829084,2018
2018-01-25,2018-01-31,2839.27,2823.85,2770.0,2750.0,20.0,0.47,0.595,1.0,0.022559999999999997,0.028559999999999995,-0.005430973454444321,2018
2018-02-01,2018-02-07,2821.99,2681.66,2750.0,2735.0,15.0,0.44999999999999996,0.6099999999999999,1.0,-0.9712,-0.96096,-0.049727320082636695,2018
2018-02-08,2018-02-14,2581.02,2698.65,2515.0,2500.0,15.0,1.1999999999999993,2.825000000000003,1.0,0.07679999999999995,0.18080000000000016,0.045575005230490406,2018
2018-02-15,2018-02-21,2731.2,2701.36,2665.0,2645.0,20.0,0.8700000000000001,1.27,1.0,0.041760000000000005,0.06096,-0.010925600468658314,2018
2018-02-22,2018-02-28,2703.96,2713.81,2635.0,2620.0,15.0,0.6999999999999997,1.125,1.0,0.04479999999999998,0.07200000000000001,0.0036428053669432803,2018
2018-03-01,2018-03-07,2677.58,2726.83,2610.0,2595.0,15.0,0.9500000000000011,1.6999999999999993,1.0,0.06080000000000007,0.10879999999999995,0.018393474704770707,2018
2018-03-08,2018-03-14,2738.97,2749.49,2670.0,2655.0,15.0,0.7200000000000002,1.0350000000000001,1.0,0.04608000000000001,0.06624000000000001,0.003840859885285264,2018
2018-03-15,2018-03-21,2747.33,2711.93,2680.0,2660.0,20.0,0.5,0.8100000000000005,1.0,0.024,0.03888000000000002,-0.0128852376671168,2018
2018-03-22,2018-03-29,2643.69,2641.4,2580.0,2560.0,20.0,2.049999999999999,2.9499999999999993,1.0,0.09839999999999995,0.14159999999999998,-0.0008662135121743075,2018
2018-04-02,2018-04-09,2581.86,2613.16,2515.0,2500.0,15.0,2.1500000000000004,2.924999999999999,0.0,0.1376,0.18719999999999992,0.012123043077471252,2018
2018-04-10,2018-04-16,2656.87,2677.84,2590.0,2575.0,15.0,1.3500000000000005,1.9000000000000004,0.0,0.08640000000000003,0.12160000000000001,0.007892745975527582,2018
2018-04-17,2018-04-23,2706.39,2670.29,2640.0,2620.0,20.0,0.6000000000000001,0.8999999999999999,1.0,0.028800000000000003,0.043199999999999995,-0.013338801872605166,2018
2018-04-24,2018-04-30,2634.55,2648.06,2570.0,2550.0,20.0,1.65,1.9349999999999996,1.0,0.07919999999999999,0.09287999999999998,0.0051280104761723955,2018
2018-05-01,2018-05-07,2654.77,2672.62,2590.0,2570.0,20.0,1.0499999999999998,1.325,1.0,0.050399999999999986,0.0636,0.006723746313239909,2018
2018-05-08,2018-05-14,2671.92,2730.13,2605.0,2590.0,15.0,0.5500000000000003,0.7750000000000001,1.0,0.035200000000000016,0.049600000000000005,0.021785831911135034,2018
2018-05-15,2018-05-21,2711.45,2733.02,2645.0,2625.0,20.0,0.6799999999999997,0.8899999999999997,1.0,0.03263999999999999,0.04271999999999999,0.007955153146840255,2018
2018-05-22,2018-05-29,2724.46,2689.86,2655.0,2640.0,15.0,0.13,0.25,1.0,0.00832,0.016,-0.012699764356973509,2018
2018-05-30,2018-06-06,2724.03,2772.35,2655.0,2640.0,15.0,0.44999999999999973,0.6499999999999999,1.0,0.028799999999999982,0.04159999999999999,0.01773842431984951,2018
2018-06-07,2018-06-13,2770.37,2775.63,2700.0,2685.0,15.0,0.22999999999999998,0.41500000000000004,1.0,0.014719999999999999,0.026560000000000004,0.0018986633554363141,2018
2018-06-14,2018-06-20,2782.51,2767.32,2715.0,2695.0,20.0,0.16999999999999993,0.30999999999999983,1.0,0.008159999999999997,0.01487999999999999,-0.005459099877448748,2018
2018-06-22,2018-06-29,2754.89,2718.47,2685.0,2670.0,15.0,0.44999999999999973,0.675,1.0,0.028799999999999982,0.0432,-0.013220128571376777,2018
2018-07-02,2018-07-09,2726.67,2784.18,2660.0,2640.0,20.0,0.8499999999999999,1.0350000000000001,1.0,0.04079999999999999,0.04968000000000001,0.021091661257137684,2018
2018-07-10,2018-07-16,2793.83,2798.44,2725.0,2705.0,20.0,0.2499999999999999,0.41000000000000014,1.0,0.011999999999999993,0.019680000000000007,0.0016500646066510694,2018
2018-07-17,2018-07-23,2809.57,2806.97,2740.0,2720.0,20.0,0.17000000000000004,0.31000000000000005,1.0,0.008160000000000002,0.01488,-0.0009254085144703161,2018
2018-07-24,2018-07-31,2820.39,2816.27,2750.0,2730.0,20.0,0.3500000000000001,0.5149999999999999,1.0,0.016800000000000002,0.024719999999999995,-0.0014607908835302386,2018
2018-08-01,2018-08-08,2813.39,2857.71,2745.0,2725.0,20.0,0.6700000000000002,0.8099999999999998,1.0,0.03216000000000001,0.03887999999999999,0.015753237197829062,2018
2018-08-09,2018-08-15,2853.58,2818.39,2780.0,2765.0,15.0,0.07000000000000006,0.18500000000000005,1.0,0.004480000000000003,0.011840000000000002,-0.012331877851681106,2018
2018-08-16,2018-08-22,2840.69,2861.83,2770.0,2750.0,20.0,0.43000000000000016,0.6149999999999998,1.0,0.020640000000000006,0.029519999999999984,0.007441853915773899,2018
2018-08-23,2018-08-29,2856.98,2914.04,2785.0,2765.0,20.0,0.30000000000000004,0.42500000000000004,1.0,0.014400000000000001,0.0204,0.019972138411889384,2018
2018-08-30,2018-09-05,2901.13,2888.62,2830.0,2810.0,20.0,0.19999999999999996,0.32499999999999973,1.0,0.009599999999999997,0.015599999999999985,-0.0043121128663659025,2018
2018-09-06,2018-09-12,2878.07,2888.92,2805.0,2785.0,20.0,0.47,0.6750000000000003,1.0,0.022559999999999997,0.03240000000000001,0.0037698874593043996,2018
2018-09-13,2018-09-19,2904.18,2907.94,2830.0,2815.0,15.0,0.08000000000000007,0.18999999999999995,1.0,0.005120000000000004,0.012159999999999997,0.0012946855911135646,2018
2018-09-20,2018-09-26,2930.75,2905.98,2855.0,2840.0,15.0,0.17999999999999994,0.2899999999999998,1.0,0.011519999999999996,0.018559999999999986,-0.008451761494498,2018
2018-09-27,2018-10-03,2914.0,2925.51,2840.0,2820.0,20.0,0.3700000000000001,0.5499999999999998,1.0,0.017760000000000005,0.02639999999999999,0.003949897048730389,2018
2018-10-04,2018-10-10,2901.61,2785.68,2830.0,2810.0,20.0,0.6999999999999997,1.0499999999999998,1.0,-0.9663999999999999,-0.9496,-0.03995368088750739,2018
2018-10-11,2018-10-17,2728.37,2809.21,2660.0,2640.0,20.0,2.0,3.0999999999999996,0.0,0.096,0.1488,0.029629412433064495,2018
2018-10-18,2018-10-24,2768.78,2656.1,2700.0,2680.0,20.0,1.9000000000000004,2.3,1.0,-0.9087999999999999,-0.8896000000000001,-0.04069662450610023,2018
2018-10-26,2018-11-02,2658.69,2723.06,2590.0,2575.0,15.0,2.1000000000000014,2.75,0.0,0.1344000000000001,0.176,0.02421117166724951,2018
2018-11-05,2018-11-12,2738.31,2726.22,2670.0,2650.0,20.0,2.3000000000000007,2.8499999999999996,0.0,0.11040000000000003,0.13679999999999998,-0.004415131960954111,2018
2018-11-13,2018-11-19,2722.18,2690.73,2655.0,2635.0,20.0,1.7000000000000002,2.1000000000000005,0.0,0.0816,0.10080000000000003,-0.011553240417606414,2018
2018-11-20,2018-11-26,2641.89,2673.45,2575.0,2560.0,15.0,1.2999999999999998,1.9499999999999993,0.0,0.08319999999999998,0.12479999999999995,0.011945993209406813,2018
2018-11-27,2018-12-03,2682.2,2782.77,2615.0,2600.0,15.0,1.5,1.8999999999999995,0.0,0.096,0.12159999999999996,0.037495339646558934,2018
2018-12-04,2018-12-10,2703.71,2641.03,2635.0,2620.0,15.0,1.6999999999999993,2.1999999999999993,0.0,0.10879999999999995,0.14079999999999995,-0.023182959710915663,2018
2018-12-12,2018-12-19,2654.08,2515.94,2590.0,2570.0,20.0,3.0,3.5,0.0,-0.8560000000000001,-0.8320000000000001,-0.05204816734989148,2018
2018-12-20,2018-12-26,2481.46,2469.28,2420.0,2405.0,15.0,1.1999999999999993,2.1000000000000014,0.0,0.07679999999999995,0.1344000000000001,-0.004908400699588089,2018
2018-12-27,2019-01-02,2489.69,2506.7,2425.0,2410.0,15.0,2.0,2.75,0.0,0.128,0.176,0.006832175893384251,2018
2019-01-03,2019-01-09,2456.74,2583.25,2395.0,2380.0,15.0,2.5999999999999996,3.1499999999999986,0.0,0.16639999999999996,0.20159999999999992,0.05149507070345272,2019
2019-01-10,2019-01-16,2592.07,2613.44,2525.0,2510.0,15.0,1.0,1.2999999999999998,0.0,0.064,0.08319999999999998,0.008244376116385732,2019
2019-01-17,2019-01-23,2632.11,2636.68,2565.0,2550.0,15.0,0.4500000000000002,0.6750000000000003,0.0,0.02880000000000001,0.043200000000000016,0.0017362496248256587,2019
2019-01-24,2019-01-31,2636.48,2704.1,2570.0,2555.0,15.0,1.2999999999999998,1.5999999999999996,0.0,0.08319999999999998,0.10239999999999998,0.025647833474936155,2019
2019-02-01,2019-02-08,2706.53,2707.88,2640.0,2620.0,20.0,0.9500000000000002,1.1750000000000003,0.0,0.04560000000000001,0.056400000000000006,0.0004987936583005226,2019
2019-02-11,2019-02-19,2709.8,2779.76,2640.0,2620.0,20.0,1.1999999999999997,1.4500000000000002,0.0,0.057599999999999985,0.06960000000000001,0.025817403498413105,2019
2019-02-20,2019-02-27,2784.7,2792.38,2720.0,2700.0,20.0,0.75,0.925,1.0,0.036,0.0444,0.002757927245304881,2019
2019-02-28,2019-03-06,2784.49,2771.45,2710.0,2700.0,10.0,0.34999999999999987,0.40000000000000036,1.0,0.033599999999999984,0.03840000000000003,-0.004683083796314547,2019
2019-03-07,2019-03-13,2748.93,2810.92,2680.0,2660.0,20.0,1.1,1.3499999999999996,0.0,0.0528,0.06479999999999998,0.022550592412320603,2019
2019-03-14,2019-03-20,2808.48,2824.23,2735.0,2715.0,20.0,0.5,0.6999999999999997,1.0,0.024,0.033599999999999984,0.005608015723807869,2019
2019-03-21,2019-03-27,2854.88,2805.37,2785.0,2765.0,20.0,0.55,0.7749999999999999,1.0,0.0264,0.0372,-0.01734223505015975,2019
2019-03-28,2019-04-03,2815.44,2873.4,2745.0,2725.0,20.0,0.7999999999999998,0.9749999999999996,1.0,0.03839999999999999,0.04679999999999998,0.020586480265962104,2019
2019-04-04,2019-04-10,2879.39,2888.21,2805.0,2785.0,20.0,0.3500000000000001,0.5249999999999999,1.0,0.016800000000000002,0.025199999999999993,0.0030631487919317024,2019
2019-04-11,2019-04-18,2888.32,2905.03,2815.0,2795.0,20.0,0.30000000000000004,0.44999999999999996,1.0,0.014400000000000001,0.021599999999999998,0.005785370042100668,2019
2019-04-22,2019-04-29,2907.97,2943.03,2840.0,2820.0,20.0,0.3999999999999999,0.5750000000000002,1.0,0.019199999999999995,0.027600000000000006,0.01205652052806605,2019
2019-04-30,2019-05-06,2945.83,2932.47,2870.0,2850.0,20.0,0.25,0.5249999999999999,1.0,0.012,0.025199999999999993,-0.00453522436800502,2019
2019-05-07,2019-05-13,2884.05,2811.87,2810.0,2790.0,20.0,1.7999999999999998,2.3999999999999986,1.0,0.08639999999999999,0.11519999999999993,-0.02502730535184905,2019
2019-05-14,2019-05-20,2834.41,2840.23,2760.0,2750.0,10.0,0.6000000000000005,1.0,1.0,0.057600000000000054,0.096,0.002053337378854936,2019
2019-05-21,2019-05-28,2864.36,2802.39,2790.0,2770.0,20.0,0.8999999999999999,1.15,1.0,0.043199999999999995,0.05519999999999999,-0.021634850367970637,2019
2019-05-29,2019-06-05,2783.02,2826.15,2715.0,2695.0,20.0,2.3999999999999995,2.75,1.0,0.11519999999999997,0.13199999999999998,0.015497553017944643,2019
2019-06-06,2019-06-12,2843.49,2879.84,2770.0,2755.0,15.0,0.8500000000000001,1.0000000000000004,1.0,0.054400000000000004,0.06400000000000003,0.012783586367457023,2019
2019-06-13,2019-06-19,2891.64,2926.46,2820.0,2800.0,20.0,1.0500000000000003,1.2000000000000004,1.0,0.050400000000000014,0.05760000000000002,0.012041609605621728,2019
2019-06-24,2019-07-01,2945.35,2964.33,2870.0,2850.0,20.0,1.6000000000000005,1.850000000000001,1.0,0.07680000000000002,0.08880000000000005,0.006444055884699651,2019
2019-07-02,2019-07-08,2973.01,2975.95,2900.0,2880.0,20.0,0.15000000000000002,0.27500000000000013,1.0,0.007200000000000001,0.013200000000000007,0.000988896774649195,2019
2019-07-09,2019-07-15,2979.63,3014.3,2905.0,2885.0,20.0,0.40000000000000013,0.55,1.0,0.019200000000000005,0.0264,0.011635672885559556,2019
2019-07-16,2019-07-22,3004.04,2985.03,2930.0,2910.0,20.0,0.25,0.40000000000000013,1.0,0.012,0.019200000000000005,-0.006328144765049615,2019
2019-07-23,2019-07-29,3005.47,3020.97,2930.0,2910.0,20.0,0.30000000000000004,0.40000000000000013,1.0,0.014400000000000001,0.019200000000000005,0.0051572632566621035,2019
2019-07-30,2019-08-05,3013.18,2844.74,2940.0,2920.0,20.0,1.25,1.3499999999999996,1.0,-0.9400000000000001,-0.9352,-0.05590107461220373,2019
2019-08-06,2019-08-12,2881.77,2883.09,2810.0,2790.0,20.0,2.5,2.8000000000000007,1.0,0.12,0.13440000000000002,0.00045805182231761776,2019
2019-08-13,2019-08-19,2926.32,2923.65,2855.0,2835.0,20.0,1.7000000000000002,1.9000000000000008,1.0,0.0816,0.09120000000000003,-0.0009124087591241281,2019
2019-08-20,2019-08-26,2900.51,2878.38,2830.0,2810.0,20.0,2.2,2.4000000000000004,1.0,0.1056,0.11520000000000001,-0.007629692709213209,2019
2019-08-27,2019-09-03,2869.16,2906.27,2795.0,2780.0,15.0,1.8999999999999995,2.25,1.0,0.12159999999999996,0.14400000000000002,0.012934099178853797,2019
2019-09-04,2019-09-11,2937.78,3000.93,2865.0,2845.0,20.0,1.4999999999999996,1.75,1.0,0.07199999999999998,0.08399999999999999,0.02149582337683542,2019
2019-09-12,2019-09-18,3009.57,3006.73,2935.0,2915.0,20.0,0.7000000000000002,0.8750000000000002,1.0,0.033600000000000005,0.04200000000000001,-0.0009436564027419658,2019
2019-09-19,2019-09-25,3006.79,2984.87,2930.0,2910.0,20.0,0.6000000000000001,0.7750000000000001,1.0,0.028800000000000003,0.037200000000000004,-0.007290166589618896,2019
2019-09-26,2019-10-02,2977.62,2887.61,2905.0,2885.0,20.0,0.9500000000000002,1.1749999999999998,1.0,-0.8238999999999936,-0.8130999999999936,-0.03022884048333896,2019
2019-10-03,2019-10-09,2910.63,2919.4,2840.0,2820.0,20.0,2.2,2.4000000000000004,1.0,0.1056,0.11520000000000001,0.003013093385280774,2019
2019-10-10,2019-10-16,2938.13,2989.69,2865.0,2845.0,20.0,2.0,2.3499999999999996,1.0,0.096,0.11279999999999998,0.017548576815865857,2019
2019-10-17,2019-10-23,2997.95,3004.52,2925.0,2905.0,20.0,0.5499999999999998,0.7000000000000002,1.0,0.02639999999999999,0.033600000000000005,0.002191497523307717,2019
2019-10-24,2019-10-31,3010.29,3037.56,2935.0,2915.0,20.0,0.95,1.0999999999999996,1.0,0.045599999999999995,0.05279999999999998,0.009058927877380496,2019
2019-11-01,2019-11-08,3066.91,3093.08,2990.0,2970.0,20.0,0.3999999999999999,0.5249999999999999,1.0,0.019199999999999995,0.025199999999999993,0.008533018575699991,2019
2019-11-11,2019-11-18,3087.01,3122.03,3010.0,2990.0,20.0,0.40000000000000013,0.5,1.0,0.019200000000000005,0.024,0.011344310514057376,2019
2019-11-19,2019-11-25,3120.18,3133.64,3040.0,3020.0,20.0,0.30000000000000004,0.4750000000000001,1.0,0.014400000000000001,0.022800000000000004,0.0043138536879283595,2019
2019-11-26,2019-12-02,3140.52,3113.87,3060.0,3040.0,20.0,0.15000000000000002,0.25,1.0,0.007200000000000001,0.012,-0.008485855845528745,2019
2019-12-03,2019-12-09,3093.2,3135.96,3015.0,2995.0,20.0,1.2499999999999996,1.424999999999999,1.0,0.05999999999999998,0.06839999999999995,0.013823871718608549,2019
2019-12-10,2019-12-16,3132.52,3191.45,3055.0,3035.0,20.0,1.2000000000000002,1.3499999999999996,1.0,0.057600000000000005,0.06479999999999998,0.018812330009066125,2019
2019-12-17,2019-12-23,3192.52,3224.01,3115.0,3090.0,25.0,0.3500000000000001,0.47499999999999987,1.0,0.013440000000000002,0.018239999999999992,0.009863681355167797,2019
2019-12-24,2019-12-31,3223.38,3230.78,3145.0,3120.0,25.0,0.3999999999999999,0.55,1.0,0.015359999999999995,0.02112,0.0022957268457333146,2019
2020-01-02,2020-01-08,3257.85,3253.05,3175.0,3155.0,20.0,0.2499999999999999,0.375,1.0,0.011999999999999993,0.018,-0.001473364335374483,2020
2020-01-09,2020-01-15,3274.7,3289.29,3195.0,3170.0,25.0,0.55,0.6749999999999998,1.0,0.02112,0.02591999999999999,0.004455369957553357,2020
2020-01-16,2020-01-22,3316.81,3321.75,3235.0,3210.0,25.0,0.25,0.3500000000000001,1.0,0.0096,0.013440000000000002,0.001489382870891065,2020
2020-01-23,2020-01-29,3325.54,3273.4,3240.0,3220.0,20.0,0.40000000000000013,0.55,1.0,0.019200000000000005,0.0264,-0.01567865669936308,2020
2020-01-30,2020-02-05,3283.66,3334.69,3200.0,3180.0,20.0,1.2000000000000002,1.5500000000000007,1.0,0.057600000000000005,0.07440000000000004,0.015540585809736829,2020
2020-02-06,2020-02-12,3345.78,3379.45,3260.0,3240.0,20.0,0.75,0.9000000000000001,1.0,0.036,0.0432,0.010063423177853803,2020
2020-02-13,2020-02-19,3373.94,3386.15,3290.0,3270.0,20.0,0.5500000000000003,0.7000000000000004,1.0,0.026400000000000014,0.03360000000000002,0.003618914384962313,2020
2020-02-20,2020-02-26,3373.23,3116.39,3290.0,3265.0,25.0,1.0,1.2000000000000002,1.0,-0.9616,-0.95392,-0.07614067229332133,2020
2020-02-27,2020-03-04,2978.76,3130.12,2900.0,2880.0,20.0,1.1999999999999957,5.850000000000001,0.0,0.0575999999999998,0.28080000000000005,0.0508130900106083,2020
2020-03-05,2020-03-11,3023.94,2741.38,2950.0,2930.0,20.0,4.0,5.099999999999994,0.0,-0.808,-0.7552000000000003,-0.09344100742739603,2020
2020-03-12,2020-03-18,2480.64,2398.1,2420.0,2400.0,20.0,0.5,5.6000000000000085,0.0,-0.976,-0.7311999999999996,-0.03327367131062953,2020
2020-03-19,2020-03-25,2409.39,2475.56,2350.0,2330.0,20.0,3.8999999999999915,7.199999999999989,0.0,0.1871999999999996,0.34559999999999946,0.0274633828479407,2020
2020-03-26,2020-04-01,2630.07,2470.5,2565.0,2545.0,20.0,5.0,6.450000000000003,0.0,-0.76,-0.6903999999999998,-0.06067138897443802,2020
2020-04-02,2020-04-09,2526.9,2789.82,2465.0,2445.0,20.0,4.599999999999994,5.599999999999994,0.0,0.22079999999999972,0.2687999999999997,0.10404843879852788,2020
2020-04-13,2020-04-20,2761.63,2823.16,2695.0,2675.0,20.0,4.200000000000003,5.150000000000002,0.0,0.20160000000000014,0.2472000000000001,0.02228031995596802,2020
2020-04-21,2020-04-27,2736.56,2878.48,2670.0,2650.0,20.0,4.5,5.25,0.0,0.21600000000000003,0.252,0.051860730259888355,2020
2020-04-28,2020-05-04,2863.39,2842.74,2790.0,2775.0,15.0,2.299999999999999,2.8499999999999996,0.0,0.14719999999999991,0.18239999999999998,-0.007211731548968259,2020
2020-05-05,2020-05-11,2868.44,2930.32,2795.0,2780.0,15.0,2.5,3.0,0.0,0.16,0.192,0.02157270153811841,2020
2020-05-12,2020-05-18,2870.12,2953.91,2800.0,2780.0,20.0,3.5,4.100000000000001,0.0,0.16799999999999998,0.19680000000000006,0.02919390130029398,2020
2020-05-19,2020-05-26,2922.94,2991.77,2850.0,2830.0,20.0,3.0999999999999996,3.5,0.0,0.1488,0.16799999999999998,0.02354820831081028,2020
2020-05-27,2020-06-03,3036.13,3122.87,2960.0,2940.0,20.0,2.6999999999999993,3.0500000000000007,1.0,0.12959999999999997,0.14640000000000003,0.02856926416194283,2020
2020-06-04,2020-06-10,3112.35,3190.14,3035.0,3015.0,20.0,2.3,2.5,1.0,0.11039999999999998,0.12,0.02499397561328265,2020
2020-06-11,2020-06-17,3002.1,3113.49,2925.0,2905.0,20.0,3.5,4.399999999999999,0.0,0.16799999999999998,0.21119999999999992,0.037104027180973276,2020
2020-06-18,2020-06-24,3115.34,3050.3301,3035.0,3015.0,20.0,3.099999999999998,3.549999999999997,1.0,0.14879999999999988,0.17039999999999986,-0.020867674154345872,2020
2020-06-25,2020-07-02,3083.76,3130.01,3005.0,2985.0,20.0,3.6000000000000014,4.050000000000001,1.0,0.17280000000000006,0.19440000000000002,0.01499792461151328,2020
2020-07-06,2020-07-13,3179.72,3155.22,3100.0,3080.0,20.0,2.5,2.75,1.0,0.12,0.13199999999999998,-0.007705080950523913,2020
2020-07-14,2020-07-20,3197.52,3251.8401,3120.0,3095.0,25.0,3.799999999999999,4.199999999999999,1.0,0.14591999999999994,0.16127999999999998,0.016988197102754565,2020
2020-07-21,2020-07-27,3257.3,3239.4099,3175.0,3155.0,20.0,2.0,2.1999999999999993,1.0,0.096,0.10559999999999996,-0.0054923095815553324,2020
2020-07-28,2020-08-03,3218.44,3294.6101,3140.0,3115.0,25.0,3.1000000000000005,3.4000000000000004,1.0,0.11904000000000002,0.13056,0.02366677645070281,2020
2020-08-04,2020-08-10,3306.51,3360.47,3225.0,3200.0,25.0,2.0999999999999996,2.299999999999999,1.0,0.08063999999999999,0.08831999999999995,0.016319321580760215,2020
2020-08-11,2020-08-17,3333.69,3381.99,3250.0,3230.0,20.0,1.9000000000000004,2.3000000000000007,1.0,0.09120000000000002,0.11040000000000003,0.01448844973587815,2020
2020-08-18,2020-08-24,3389.78,3431.28,3305.0,3285.0,20.0,1.0000000000000004,1.1500000000000004,1.0,0.04800000000000002,0.05520000000000001,0.012242682415968043,2020
2020-08-25,2020-08-31,3443.62,3500.3101,3360.0,3335.0,25.0,1.4000000000000004,1.6000000000000005,1.0,0.05376000000000001,0.06144000000000002,0.01646235647371097,2020
2020-09-01,2020-09-08,3526.65,3331.84,3440.0,3415.0,25.0,1.7999999999999998,2.049999999999999,1.0,-0.9308799999999999,-0.92128,-0.05523939149050794,2020
2020-09-09,2020-09-16,3331.84,3385.49,3250.0,3225.0,25.0,2.3000000000000007,2.650000000000002,1.0,0.08832000000000002,0.10176000000000007,0.016102213791778563,2020
2020-09-17,2020-09-23,3357.01,3236.9199,3275.0,3250.0,25.0,3.0999999999999996,3.4000000000000004,1.0,-0.8809600000000001,-0.86944,-0.035772934843804505,2020
2020-09-24,2020-09-30,3246.59,3363.0,3165.0,3145.0,20.0,2.6999999999999993,3.0,1.0,0.12959999999999997,0.144,0.03585608284384545,2020
2020-10-01,2020-10-07,3380.8,3419.4399,3295.0,3275.0,20.0,2.8000000000000007,3.1499999999999986,1.0,0.13440000000000002,0.15119999999999995,0.011429217936582914,2020
2020-10-08,2020-10-14,3446.83,3488.6699,3360.0,3340.0,20.0,1.8999999999999995,2.0999999999999996,1.0,0.09119999999999998,0.10079999999999997,0.01213866074044856,2020
2020-10-15,2020-10-21,3483.34,3435.5601,3395.0,3375.0,20.0,2.0,2.3000000000000007,1.0,0.096,0.11040000000000003,-0.013716691451308272,2020
2020-10-22,2020-10-28,3453.49,3271.03,3365.0,3345.0,20.0,2.3000000000000007,2.5500000000000007,1.0,-0.8896,-0.8775999999999999,-0.05283351044885021,2020
2020-10-29,2020-11-04,3310.11,3443.4399,3225.0,3205.0,20.0,3.299999999999997,5.049999999999997,1.0,0.15839999999999985,0.24239999999999987,0.04027959795898006,2020
2020-11-05,2020-11-11,3510.45,3572.6599,3425.0,3400.0,25.0,3.799999999999999,4.199999999999999,1.0,0.14591999999999994,0.16127999999999998,0.017721346266148297,2020
2020-11-12,2020-11-18,3537.01,3567.79,3450.0,3425.0,25.0,2.5999999999999996,2.9000000000000004,1.0,0.09983999999999998,0.11136000000000001,0.008702265472814608,2020
2020-11-19,2020-11-25,3581.87,3629.6499,3490.0,3470.0,20.0,1.6999999999999993,1.9499999999999993,1.0,0.08159999999999996,0.09359999999999996,0.013339373009070732,2020
2020-11-27,2020-12-04,3638.35,3699.12,3545.0,3525.0,20.0,1.6000000000000005,2.0,1.0,0.07680000000000002,0.096,0.016702626190443493,2020
2020-12-07,2020-12-14,3691.96,3647.49,3600.0,3575.0,25.0,1.7999999999999998,2.0500000000000007,1.0,0.06911999999999999,0.07872000000000003,-0.01204509257955133,2020
2020-12-15,2020-12-21,3694.62,3694.92,3600.0,3580.0,20.0,1.4999999999999991,1.700000000000001,1.0,0.07199999999999995,0.08160000000000005,8.119914903303993e-05,2020
2020-12-22,2020-12-28,3687.26,3735.36,3595.0,3570.0,25.0,1.5,1.8000000000000003,1.0,0.0576,0.06912000000000001,0.013044916821705055,2020
2020-12-29,2021-01-04,3727.04,3700.65,3635.0,3610.0,25.0,1.1,1.4000000000000004,1.0,0.04224,0.05376000000000001,-0.007080686013565707,2020
2021-01-05,2021-01-11,3726.86,3799.61,3635.0,3610.0,25.0,3.0,3.3000000000000007,1.0,0.1152,0.12672000000000003,0.019520454216149785,2021
2021-01-12,2021-01-19,3801.19,3798.91,3705.0,3680.0,25.0,2.0,2.3000000000000007,1.0,0.0768,0.08832000000000002,-0.0005998121640855558,2021
2021-01-20,2021-01-27,3851.85,3750.77,3755.0,3730.0,25.0,1.7999999999999998,2.1499999999999986,1.0,-0.10008000000000074,-0.08664000000000077,-0.026241935693238294,2021
2021-01-28,2021-02-03,3787.38,3830.17,3695.0,3670.0,25.0,2.8999999999999986,3.5,1.0,0.11135999999999995,0.1344,0.011298047726924665,2021
2021-02-04,2021-02-10,3871.74,3909.88,3775.0,3750.0,25.0,1.4000000000000004,1.700000000000001,1.0,0.05376000000000001,0.06528000000000005,0.009850868085150344,2021
2021-02-11,2021-02-17,3916.38,3931.33,3820.0,3795.0,25.0,1.2999999999999998,1.5500000000000007,1.0,0.04991999999999999,0.059520000000000024,0.0038173006705171098,2021
2021-02-18,2021-02-24,3913.97,3925.43,3815.0,3790.0,25.0,1.6000000000000005,2.0,1.0,0.06144000000000002,0.0768,0.0029279733876346192,2021
2021-02-25,2021-03-03,3829.34,3819.72,3735.0,3710.0,25.0,3.1000000000000014,3.8500000000000014,1.0,0.11904000000000005,0.14784000000000005,-0.0025121822559501794,2021
2021-03-04,2021-03-10,3768.47,3898.81,3675.0,3650.0,25.0,4.0,4.399999999999999,1.0,0.1536,0.16895999999999994,0.0345869809232926,2021
2021-03-11,2021-03-17,3939.34,3974.12,3840.0,3815.0,25.0,2.000000000000001,2.4000000000000004,1.0,0.07680000000000003,0.09216,0.00882889011864929,2021
2021-03-18,2021-03-24,3915.46,3889.14,3820.0,3795.0,25.0,1.5999999999999996,2.0999999999999996,1.0,0.06143999999999998,0.08063999999999999,-0.006722070969949923,2021
2021-03-25,2021-04-01,3909.52,4019.87,3810.0,3785.0,25.0,1.6999999999999993,2.0,1.0,0.06527999999999996,0.0768,0.028225971474759026,2021
2021-04-05,2021-04-12,4077.91,4127.99,3975.0,3950.0,25.0,1.1,1.3999999999999995,1.0,0.04224,0.053759999999999974,0.01228080070428228,2021
2021-04-14,2021-04-21,4124.66,4173.42,4020.0,3995.0,25.0,0.9499999999999997,1.1999999999999997,1.0,0.036479999999999985,0.04607999999999999,0.011821580445418478,2021
2021-04-23,2021-04-30,4180.17,4181.17,4075.0,4060.0,15.0,0.9000000000000004,1.1500000000000004,1.0,0.05760000000000002,0.07360000000000003,0.0002392247205256215,2021
2021-05-03,2021-05-10,4192.66,4188.43,4090.0,4060.0,30.0,1.6,1.7999999999999998,1.0,0.0512,0.05759999999999999,-0.0010089060405564787,2021
2021-05-11,2021-05-17,4152.1,4163.29,4050.0,4030.0,20.0,2.0,2.1999999999999993,1.0,0.096,0.10559999999999996,0.002695021796199404,2021
2021-05-18,2021-05-24,4123.0,4197.05,4020.0,3995.0,25.0,2.0999999999999996,2.4499999999999993,1.0,0.08063999999999999,0.09407999999999998,0.017960223138491438,2021
2021-05-25,2021-06-01,4188.13,4202.04,4085.0,4055.0,30.0,1.7000000000000002,1.9499999999999993,1.0,0.054400000000000004,0.062399999999999976,0.0033212913639260044,2021
2021-06-04,2021-06-11,4229.89,4247.44,4125.0,4095.0,30.0,1.15,1.3749999999999996,1.0,0.03679999999999999,0.04399999999999999,0.004149044064975405,2021
2021-06-14,2021-06-21,4255.15,4224.79,4150.0,4120.0,30.0,1.1999999999999997,1.3999999999999995,1.0,0.03839999999999999,0.04479999999999998,-0.00713488361162351,2021
2021-06-22,2021-06-28,4246.44,4290.61,4140.0,4115.0,25.0,0.6499999999999999,0.875,1.0,0.024959999999999996,0.0336,0.010401654091427126,2021
2021-06-29,2021-07-06,4291.8,4343.54,4185.0,4155.0,30.0,0.5999999999999999,0.7749999999999999,1.0,0.019199999999999995,0.024799999999999996,0.012055547788806464,2021
2021-07-07,2021-07-14,4358.1299,4374.2998,4250.0,4220.0,30.0,1.0999999999999996,1.2749999999999995,1.0,0.03519999999999999,0.04079999999999998,0.0037102840830880446,2021
2021-07-15,2021-07-21,4360.0298,4358.6899,4250.0,4225.0,25.0,1.1,1.3000000000000007,1.0,0.04224,0.04992000000000003,-0.00030731441330977827,2021
2021-07-22,2021-07-28,4367.48,4400.6401,4260.0,4230.0,30.0,1.1,1.3250000000000002,1.0,0.0352,0.0424,0.007592501854616351,2021
2021-07-29,2021-08-04,4419.1499,4402.6602,4310.0,4280.0,30.0,0.9500000000000002,1.2000000000000002,1.0,0.030400000000000003,0.038400000000000004,-0.0037314190224685406,2021
2021-08-05,2021-08-11,4429.1001,4447.7002,4320.0,4290.0,30.0,0.9499999999999997,1.125,1.0,0.03039999999999999,0.036000000000000004,0.004199521252635563,2021
2021-08-12,2021-08-18,4460.8301,4400.27,4350.0,4320.0,30.0,0.5,0.6500000000000001,1.0,0.016,0.020800000000000003,-0.01357597098351715,2021
2021-08-19,2021-08-25,4405.7998,4496.1899,4295.0,4265.0,30.0,2.0999999999999996,2.5,1.0,0.06719999999999998,0.08,0.020516161447009074,2021
2021-08-26,2021-09-01,4470.0,4524.0898,4360.0,4330.0,30.0,1.5,1.8000000000000007,1.0,0.048,0.05760000000000002,0.01210062639821019,2021
2021-09-02,2021-09-08,4536.9502,4514.0698,4425.0,4395.0,30.0,0.6000000000000001,0.6999999999999997,1.0,0.019200000000000002,0.02239999999999999,-0.005043123462100119,2021
2021-09-09,2021-09-15,4493.2798,4480.7002,4380.0,4350.0,30.0,1.4000000000000004,1.6500000000000004,1.0,0.04480000000000001,0.05280000000000001,-0.0027996475981754143,2021
2021-09-16,2021-09-22,4473.75,4395.6401,4360.0,4335.0,25.0,1.0999999999999996,1.4000000000000004,1.0,0.042239999999999986,0.05376000000000001,-0.01745960324112894,2021
2021-09-23,2021-09-30,4448.98,4307.54,4340.0,4310.0,30.0,2.0,2.3000000000000007,1.0,-0.9359999999999999,-0.9263999999999999,-0.031791556716370906,2021
2021-10-01,2021-10-08,4357.04,4391.3398,4250.0,4220.0,30.0,3.6000000000000014,3.8999999999999986,1.0,0.11520000000000004,0.12479999999999995,0.007872271083120497,2021
2021-10-11,2021-10-18,4361.1899,4486.46,4250.0,4225.0,25.0,2.9000000000000004,3.1500000000000004,1.0,0.11136000000000001,0.12096,0.028723835208368076,2021
2021-10-19,2021-10-25,4519.6299,4566.48,4405.0,4375.0,30.0,0.7,0.8250000000000002,1.0,0.022399999999999996,0.026400000000000003,0.010365915138316861,2021
2021-10-26,2021-11-01,4574.79,4613.6699,4460.0,4430.0,30.0,0.7999999999999998,1.0500000000000003,1.0,0.025599999999999994,0.033600000000000005,0.008498728903403086,2021
2021-11-02,2021-11-08,4630.6499,4701.7002,4515.0,4485.0,30.0,1.4500000000000002,1.5999999999999996,1.0,0.046400000000000004,0.05119999999999999,0.015343483427671778,2021
2021-11-09,2021-11-15,4685.25,4682.7998,4570.0,4535.0,35.0,1.5499999999999998,1.7250000000000005,1.0,0.042514285714285706,0.047314285714285725,-0.0005229603543034367,2021
2021-11-16,2021-11-22,4700.8999,4682.9399,4585.0,4555.0,30.0,0.7,0.8250000000000002,1.0,0.022399999999999996,0.026400000000000003,-0.0038205450832935473,2021
2021-11-23,2021-11-30,4690.7002,4567.0,4575.0,4545.0,30.0,1.6000000000000005,1.8500000000000014,1.0,-0.21546666666666664,-0.2074666666666666,-0.026371372018190398,2021
2021-12-01,2021-12-08,4513.04,4701.21,4400.0,4370.0,30.0,4.9999999999999964,5.949999999999996,1.0,0.15999999999999986,0.19039999999999985,0.04169473348341701,2021
2021-12-09,2021-12-15,4667.4502,4709.8501,4550.0,4520.0,30.0,2.4000000000000004,2.700000000000001,1.0,0.07680000000000001,0.08640000000000003,0.00908416762539832,2021
2021-12-16,2021-12-23,4668.6699,4725.79,4550.0,4520.0,30.0,2.8999999999999986,3.2499999999999982,1.0,0.09279999999999995,0.10399999999999994,0.01223476947899016,2021
2021-12-27,2022-01-03,4791.1899,4796.5601,4670.0,4640.0,30.0,1.1999999999999997,1.3749999999999991,1.0,0.03839999999999999,0.04399999999999997,0.0011208489147966905,2021
2022-01-04,2022-01-10,4793.54,4670.29,4675.0,4640.0,35.0,1.0999999999999999,1.275,1.0,-0.10440000000000103,-0.09960000000000103,-0.0257116869787255,2022
2022-01-11,2022-01-18,4713.0698,4577.1099,4595.0,4565.0,30.0,2.299999999999999,2.4499999999999993,1.0,-0.5227366666666541,-0.5179366666666539,-0.02884741914919231,2022
2022-01-19,2022-01-26,4532.7598,4349.9302,4420.0,4390.0,30.0,4.399999999999999,4.800000000000001,1.0,-0.8592000000000001,-0.8463999999999999,-0.04033516181466312,2022
2022-01-27,2022-02-02,4326.5098,4589.3799,4220.0,4190.0,30.0,6.0,6.599999999999998,0.0,0.192,0.21119999999999992,0.06075800406137999,2022
2022-02-03,2022-02-09,4477.4399,4587.1802,4365.0,4335.0,30.0,2.9000000000000004,3.3500000000000014,1.0,0.09280000000000001,0.10720000000000003,0.02450960871635588,2022
2022-02-10,2022-02-16,4504.0801,4475.0098,4390.0,4360.0,30.0,4.300000000000001,4.599999999999998,1.0,0.1376,0.14719999999999991,-0.006454214701909988,2022
2022-02-17,2022-02-23,4380.2598,4225.5,4270.0,4240.0,30.0,5.0,5.300000000000004,0.0,-0.84,-0.8303999999999998,-0.03533119199915946,2022
2022-02-24,2022-03-02,4288.7002,4386.54,4180.0,4155.0,25.0,4.400000000000002,4.850000000000001,0.0,0.16896000000000008,0.18624000000000007,0.022813392272092115,2022
2022-03-03,2022-03-09,4363.4902,4277.8799,4255.0,4225.0,30.0,4.799999999999997,5.199999999999996,0.0,0.1535999999999999,0.16639999999999985,-0.019619684261007464,2022
2022-03-10,2022-03-16,4259.52,4357.8599,4155.0,4125.0,30.0,5.800000000000001,6.199999999999999,0.0,0.18560000000000001,0.19839999999999997,0.023087084929757307,2022
2022-03-17,2022-03-23,4411.6699,4456.2402,4300.0,4275.0,25.0,3.299999999999999,3.549999999999997,0.0,0.12671999999999994,0.13631999999999989,0.01010281843616645,2022
2022-03-24,2022-03-31,4520.1602,4530.4102,4405.0,4380.0,25.0,2.9000000000000004,3.1000000000000014,1.0,0.11136000000000001,0.11904000000000005,0.0022676187450170193,2022
2022-04-01,2022-04-08,4545.8599,4488.2798,4430.0,4405.0,25.0,1.7999999999999998,2.049999999999999,1.0,0.06911999999999999,0.07871999999999996,-0.012666492427538367,2022
2022-04-11,2022-04-18,4412.5298,4391.6899,4300.0,4275.0,25.0,3.1999999999999993,3.4000000000000004,0.0,0.12287999999999996,0.13056,-0.004722891616505298,2022
2022-04-19,2022-04-26,4462.21,4175.2002,4350.0,4320.0,30.0,4.4,4.6,0.0,-0.8592,-0.8528,-0.0643201014743815,2022
2022-04-27,2022-05-04,4183.96,4300.1699,4080.0,4050.0,30.0,5.700000000000003,6.2500000000000036,0.0,0.18240000000000006,0.20000000000000012,0.027775098232296624,2022
2022-05-05,2022-05-11,4146.8701,3935.1799,4045.0,4015.0,30.0,6.599999999999998,7.049999999999997,0.0,-0.7888000000000001,-0.7744000000000001,-0.05104818692054036,2022
2022-05-12,2022-05-19,3930.0801,3900.79,3830.0,3810.0,20.0,4.599999999999998,5.099999999999998,0.0,0.22079999999999989,0.2447999999999999,-0.007452799753368988,2022
2022-05-20,2022-05-27,3901.3601,4158.2402,3805.0,3780.0,25.0,5.600000000000001,6.050000000000001,0.0,0.21504000000000004,0.23232000000000003,0.06584372972902464,2022
2022-05-31,2022-06-07,4132.1499,4160.6802,4030.0,4000.0,30.0,5.700000000000001,6.0,0.0,0.1824,0.192,0.006904468785123186,2022
2022-06-08,2022-06-15,4115.77,3789.99,4015.0,3985.0,30.0,5.600000000000001,5.8000000000000025,0.0,-0.8208,-0.8143999999999999,-0.07915408295410109,2022
2022-06-16,2022-06-23,3666.77,3795.73,3575.0,3550.0,25.0,5.0,5.5,0.0,0.192,0.21119999999999997,0.03516991793867619,2022
2022-06-24,2022-07-01,3911.74,3825.3301,3815.0,3790.0,25.0,4.800000000000001,5.150000000000002,0.0,0.18432,0.19776000000000007,-0.02208988838726489,2022
2022-07-05,2022-07-12,3831.3899,3818.8,3735.0,3710.0,25.0,5.000000000000002,5.25,0.0,0.19200000000000006,0.2016,-0.003285987677735469,2022
2022-07-13,2022-07-20,3801.78,3959.8999,3705.0,3680.0,25.0,4.799999999999999,4.9999999999999964,0.0,0.18431999999999996,0.19199999999999984,0.04159101789161901,2022
2022-07-21,2022-07-28,3998.95,4072.4299,3900.0,3875.0,25.0,4.0,4.200000000000001,0.0,0.1536,0.16128000000000003,0.01837479838457612,2022
2022-07-29,2022-08-05,4130.29,4145.1899,4025.0,4000.0,25.0,2.5999999999999996,2.799999999999999,0.0,0.09983999999999998,0.10751999999999995,0.0036074706618665076,2022
2022-08-08,2022-08-15,4140.0601,4297.1401,4035.0,4010.0,25.0,2.8999999999999995,3.1500000000000004,0.0,0.11135999999999997,0.12096,0.03794147819255089,2022
2022-08-16,2022-08-23,4305.2002,4128.73,4200.0,4170.0,30.0,2.7,2.9000000000000004,0.0,-0.9136000000000001,-0.9072,-0.04099001017420756,2022
2022-08-24,2022-08-31,4140.77,3955.0,4035.0,4010.0,25.0,3.299999999999999,3.5500000000000007,0.0,-0.8732800000000001,-0.86368,-0.04486363647340963,2022
2022-09-01,2022-09-08,3966.8501,4006.1799,3870.0,3840.0,30.0,4.700000000000001,4.950000000000001,0.0,0.1504,0.1584,0.009914617141696391,2022
2022-09-09,2022-09-16,4067.3601,3873.3301,3965.0,3940.0,25.0,3.299999999999999,3.5999999999999996,0.0,-0.8732800000000001,-0.86176,-0.047704160740525525,2022
2022-09-19,2022-09-26,3899.8899,3655.04,3800.0,3775.0,25.0,5.0,5.35,0.0,-0.8079999999999999,-0.79456,-0.06278379807594059,2022
2022-09-27,2022-10-04,3647.29,3790.9299,3555.0,3530.0,25.0,5.800000000000001,6.199999999999999,0.0,0.22272000000000003,0.23807999999999996,0.039382637519912,2022
2022-10-05,2022-10-12,3783.28,3577.03,3690.0,3665.0,25.0,4.4,4.699999999999999,0.0,-0.83104,-0.81952,-0.054516187012327966,2022
2022-10-13,2022-10-20,3669.9099,3665.78,3580.0,3555.0,25.0,5.600000000000001,5.850000000000001,0.0,0.21504000000000004,0.22464000000000006,-0.0011253409790795699,2022
2022-10-21,2022-10-28,3752.75,3901.0601,3660.0,3635.0,25.0,5.0,5.300000000000004,0.0,0.192,0.20352000000000015,0.03952037838918132,2022
2022-10-31,2022-11-07,3871.98,3806.8,3775.0,3750.0,25.0,5.1,5.400000000000002,0.0,0.19584,0.20736000000000007,-0.016833764637213977,2022
2022-11-08,2022-11-15,3828.1101,3991.73,3735.0,3705.0,30.0,7.100000000000001,7.400000000000006,0.0,0.2272,0.23680000000000018,0.042741691259089,2022
2022-11-16,2022-11-23,3958.79,4027.26,3860.0,3835.0,25.0,3.0999999999999996,3.299999999999999,0.0,0.11903999999999998,0.12671999999999994,0.017295688834214618,2022
2022-11-25,2022-12-02,4026.1201,4071.7,3925.0,3895.0,30.0,2.5999999999999996,2.9499999999999993,0.0,0.08319999999999998,0.09439999999999998,0.011321048271759171,2022
2022-12-05,2022-12-12,3998.8401,3990.5601,3900.0,3875.0,25.0,2.3999999999999995,2.5999999999999996,0.0,0.09215999999999998,0.09983999999999998,-0.002070600422357405,2022
2022-12-13,2022-12-20,4019.6499,3821.6201,3920.0,3895.0,25.0,4.399999999999999,4.899999999999999,0.0,-0.8310400000000001,-0.81184,-0.04926543478326306,2022
2022-12-21,2022-12-28,3878.4399,3783.22,3780.0,3755.0,25.0,1.7000000000000002,1.8499999999999996,0.0,0.06528,0.07103999999999998,-0.024551083026966625,2022
2022-12-29,2023-01-05,3849.28,3808.1001,3755.0,3730.0,25.0,2.5,2.6999999999999993,0.0,0.096,0.10367999999999997,-0.010698078601712568,2022
2023-01-06,2023-01-13,3895.0801,3999.0901,3800.0,3770.0,30.0,5.6,5.849999999999998,0.0,0.17919999999999997,0.18719999999999992,0.026702916841170987,2023
2023-01-17,2023-01-24,3990.97,4016.95,3890.0,3865.0,25.0,1.7000000000000002,2.000000000000001,1.0,0.06528,0.07680000000000003,0.006509695637902491,2023
2023-01-25,2023-02-01,4016.22,4119.21,3915.0,3890.0,25.0,3.4000000000000004,3.6999999999999993,1.0,0.13056,0.14207999999999996,0.0256435155444672,2023
2023-02-02,2023-02-09,4179.7598,4081.5,4075.0,4050.0,25.0,2.9000000000000004,3.5,1.0,0.11136000000000001,0.1344,-0.02350848008060169,2023
2023-02-10,2023-02-17,4090.46,4079.0901,3990.0,3960.0,30.0,5.099999999999998,5.400000000000002,1.0,0.16319999999999993,0.17280000000000006,-0.0027796140287400517,2023
2023-02-21,2023-02-28,3997.3401,3970.1499,3895.0,3870.0,25.0,3.0999999999999996,3.3499999999999996,1.0,0.11903999999999998,0.12863999999999998,-0.006802073208631909,2023
2023-03-01,2023-03-08,3951.3899,3992.01,3855.0,3825.0,30.0,3.3999999999999995,3.5999999999999996,1.0,0.10879999999999998,0.11519999999999998,0.010279952378275725,2023
2023-03-09,2023-03-16,3918.3201,3960.28,3820.0,3795.0,25.0,4.799999999999997,5.200000000000001,0.0,0.18431999999999987,0.19968000000000002,0.010708645268670214,2023
2023-03-17,2023-03-24,3916.6399,3970.99,3820.0,3795.0,25.0,5.100000000000001,5.449999999999999,0.0,0.19584000000000004,0.20927999999999997,0.0138767161106641,2023
2023-03-27,2023-04-03,3977.53,4124.5098,3880.0,3850.0,30.0,3.1999999999999993,3.4499999999999993,1.0,0.10239999999999998,0.11039999999999998,0.036952530842004894,2023
2023-04-04,2023-04-11,4100.6001,4108.9399,4000.0,3970.0,30.0,1.9500000000000002,2.125000000000001,1.0,0.062400000000000004,0.06800000000000003,0.0020337998821198244,2023
2023-04-12,2023-04-19,4091.95,4154.52,3990.0,3965.0,25.0,1.7000000000000002,1.9000000000000004,1.0,0.06528,0.07296000000000001,0.015290998179352311,2023
2023-04-20,2023-04-27,4129.79,4135.3501,4025.0,4000.0,25.0,1.4,1.5500000000000007,1.0,0.053759999999999995,0.059520000000000024,0.0013463396443886833,2023
2023-04-28,2023-05-05,4169.48,4136.25,4065.0,4040.0,25.0,2.0999999999999996,2.249999999999999,1.0,0.08063999999999999,0.08639999999999998,-0.007969818778360782,2023
2023-05-08,2023-05-15,4138.1201,4136.2798,4035.0,4010.0,25.0,1.7999999999999998,2.0000000000000004,1.0,0.06911999999999999,0.07680000000000002,-0.0004447188470918517,2023
2023-05-16,2023-05-23,4109.8999,4145.5801,4005.0,3980.0,25.0,1.7000000000000002,1.8500000000000005,1.0,0.06528,0.07104000000000002,0.00868152530916877,2023
2023-05-24,2023-05-31,4115.2402,4179.8301,4010.0,3985.0,25.0,1.9000000000000004,2.0999999999999996,1.0,0.07296000000000001,0.08063999999999999,0.015695292828836527,2023
2023-06-01,2023-06-08,4221.02,4293.9302,4115.0,4090.0,25.0,0.8500000000000001,1.0,1.0,0.03264,0.0384,0.017273123557812964,2023
2023-06-09,2023-06-16,4298.8599,4409.5898,4190.0,4165.0,25.0,0.7999999999999998,0.9500000000000002,1.0,0.03071999999999999,0.036480000000000005,0.025757968990801405,2023
2023-06-20,2023-06-27,4388.71,4378.4102,4280.0,4250.0,30.0,0.8499999999999999,0.9249999999999998,1.0,0.027199999999999995,0.029599999999999994,-0.0023468855312835935,2023
2023-06-28,2023-07-05,4376.8599,4446.8198,4265.0,4240.0,25.0,0.20000000000000007,0.30000000000000004,1.0,0.007680000000000003,0.01152,0.015984039150990448,2023
2023-07-06,2023-07-13,4411.5898,4510.04,4300.0,4270.0,30.0,1.15,1.3749999999999996,1.0,0.03679999999999999,0.04399999999999999,0.02231626340236814,2023
2023-07-14,2023-07-21,4505.4199,4536.3398,4395.0,4365.0,30.0,0.44999999999999996,0.575,1.0,0.014399999999999998,0.018399999999999996,0.006862823152177233,2023
2023-07-24,2023-07-31,4554.6401,4588.96,4440.0,4410.0,30.0,1.05,1.1500000000000004,1.0,0.0336,0.03680000000000001,0.007535150801487145,2023
2023-08-01,2023-08-08,4576.73,4499.3799,4460.0,4430.0,30.0,0.7999999999999998,0.9000000000000001,1.0,0.025599999999999994,0.028800000000000003,-0.01690073480410681,2023
2023-08-09,2023-08-16,4467.71,4404.3301,4355.0,4325.0,30.0,1.7999999999999998,2.0499999999999994,1.0,0.05759999999999999,0.06559999999999998,-0.014186216204722268,2023
2023-08-17,2023-08-24,4370.3599,4376.3101,4260.0,4235.0,25.0,2.0,2.25,1.0,0.0768,0.0864,0.0013614897024840644,2023
2023-08-25,2023-09-01,4405.71,4515.77,4295.0,4265.0,30.0,1.5500000000000003,1.7749999999999995,1.0,0.049600000000000005,0.05679999999999998,0.024981217556307778,2023
2023-09-05,2023-09-12,4496.8301,4461.8999,4385.0,4355.0,30.0,0.8500000000000001,0.9499999999999997,1.0,0.027200000000000002,0.03039999999999999,-0.00776773843423606,2023
2023-09-13,2023-09-20,4467.4399,4402.2002,4355.0,4325.0,30.0,0.9500000000000002,1.0749999999999997,1.0,0.030400000000000003,0.03439999999999999,-0.014603374966499327,2023
2023-09-21,2023-09-29,4330.0,4288.0498,4220.0,4195.0,25.0,2.299999999999999,2.549999999999999,1.0,0.08831999999999995,0.09791999999999997,-0.009688267898383396,2023
2023-10-02,2023-10-09,4288.3901,4335.6602,4180.0,4155.0,25.0,2.1000000000000005,2.3000000000000007,1.0,0.08064000000000002,0.08832000000000002,0.01102280783644205,2023
2023-10-10,2023-10-17,4358.2402,4373.2002,4250.0,4220.0,30.0,2.0999999999999996,2.299999999999999,1.0,0.06719999999999998,0.07359999999999996,0.003432578130962094,2023
2023-10-18,2023-10-25,4314.6001,4186.77,4205.0,4180.0,25.0,2.3,2.5,1.0,-0.6408799999999826,-0.6331999999999826,-0.029627334408117934,2023
2023-10-26,2023-11-02,4137.23,4317.7798,4035.0,4010.0,25.0,3.200000000000001,3.3499999999999996,0.0,0.12288000000000004,0.12863999999999998,0.04364026172100677,2023
2023-11-03,2023-11-10,4358.3398,4415.2402,4250.0,4220.0,30.0,1.2999999999999998,1.4250000000000007,1.0,0.04159999999999999,0.045600000000000016,0.013055521737887599,2023
2023-11-13,2023-11-20,4411.5498,4547.3799,4300.0,4270.0,30.0,1.5,1.6500000000000004,1.0,0.048,0.05280000000000001,0.03078965582571458,2023
2023-11-21,2023-11-28,4538.1899,4554.8901,4425.0,4395.0,30.0,0.5,0.6000000000000001,1.0,0.016,0.019200000000000002,0.003679925337632728,2023
2023-11-29,2023-12-06,4550.5801,4549.3398,4435.0,4405.0,30.0,0.6499999999999999,0.75,1.0,0.020799999999999996,0.024,-0.0002725586568622651,2023
2023-12-07,2023-12-14,4585.5898,4719.5498,4470.0,4440.0,30.0,1.6,1.75,1.0,0.0512,0.056,0.02921325409438058,2023
2023-12-15,2023-12-22,4719.1899,4754.6299,4600.0,4570.0,30.0,0.44999999999999996,0.55,1.0,0.014399999999999998,0.0176,0.007509763487161036,2023
2023-12-26,2024-01-02,4774.75,4742.8301,4655.0,4625.0,30.0,0.3500000000000001,0.4500000000000002,1.0,0.011200000000000003,0.014400000000000005,-0.006685145819152805,2023
2024-01-03,2024-01-10,4704.8101,4783.4502,4585.0,4555.0,30.0,0.7999999999999998,0.8999999999999997,1.0,0.025599999999999994,0.02879999999999999,0.01671482978664751,2024
2024-01-11,2024-01-18,4780.2402,4780.9399,4660.0,4630.0,30.0,0.5499999999999998,0.6499999999999997,1.0,0.017599999999999994,0.02079999999999999,0.0001463733977218329,2024
2024-01-19,2024-01-26,4839.8101,4890.9702,4720.0,4685.0,35.0,0.8,0.8999999999999999,1.0,0.021942857142857142,0.024685714285714283,0.010570683341480702,2024
2024-01-29,2024-02-05,4927.9302,4942.8101,4805.0,4775.0,30.0,1.4,1.5750000000000002,1.0,0.04479999999999999,0.0504,0.00301950299539544,2024
2024-02-06,2024-02-13,4954.23,4953.1699,4830.0,4800.0,30.0,0.8999999999999999,1.0250000000000001,1.0,0.028799999999999996,0.0328,-0.00021397876158346651,2024
2024-02-14,2024-02-21,5000.6201,4981.7998,4875.0,4845.0,30.0,0.7500000000000002,0.8750000000000004,1.0,0.024000000000000007,0.028000000000000014,-0.0037635932391665294,2024
2024-02-22,2024-02-29,5087.0298,5096.27,4960.0,4925.0,35.0,1.1,1.275,1.0,0.03017142857142857,0.03497142857142857,0.0018164234068376306,2024
2024-03-01,2024-03-08,5137.0801,5123.6899,5010.0,4975.0,35.0,1.0,1.1000000000000003,1.0,0.027428571428571427,0.030171428571428578,-0.0026065780052757503,2024
2024-03-11,2024-03-18,5117.9399,5149.4199,4990.0,4955.0,35.0,1.9000000000000004,2.2000000000000006,1.0,0.052114285714285724,0.060342857142857156,0.006150912401296393,2024
2024-03-19,2024-03-26,5178.5098,5203.5801,5050.0,5015.0,35.0,1.4999999999999996,1.6500000000000004,1.0,0.04114285714285713,0.045257142857142864,0.004841218993155261,2024
2024-03-27,2024-04-03,5248.4902,5211.4902,5115.0,5085.0,30.0,0.1499999999999999,0.25,1.0,0.004799999999999997,0.008,-0.007049646391642295,2024
2024-04-04,2024-04-11,5147.21,5199.0601,5020.0,4985.0,35.0,2.6999999999999993,3.1000000000000005,1.0,0.07405714285714284,0.08502857142857144,0.010073437843025612,2024
2024-04-12,2024-04-19,5123.4102,4967.23,4995.0,4960.0,35.0,2.299999999999999,2.749999999999999,1.0,-0.7303428571428696,-0.7180000000000124,-0.030483641540160256,2024
2024-04-22,2024-04-29,5010.6001,5116.1699,4885.0,4855.0,30.0,2.3,2.5,1.0,0.07359999999999998,0.08,0.02106929267813662,2024
2024-04-30,2024-05-07,5035.6899,5187.7002,4910.0,4875.0,35.0,2.3,2.95,1.0,0.06308571428571427,0.08091428571428572,0.030186588733353004,2024
2024-05-08,2024-05-15,5187.6699,5308.1499,5060.0,5025.0,35.0,1.6999999999999997,1.85,1.0,0.04662857142857142,0.050742857142857145,0.0232242996031804,2024
2024-05-16,2024-05-23,5297.1001,5267.8398,5165.0,5130.0,35.0,0.7499999999999998,0.8499999999999996,1.0,0.020571428571428563,0.023314285714285704,-0.005523833691570168,2024
2024-05-24,2024-05-31,5304.7202,5277.5098,5170.0,5135.0,35.0,0.3500000000000001,0.44999999999999996,1.0,0.009600000000000003,0.012342857142857142,-0.0051294694110350925,2024
2024-06-03,2024-06-10,5283.3999,5360.79,5150.0,5115.0,35.0,1.0,1.0750000000000002,1.0,0.027428571428571427,0.029485714285714285,0.014647783901422962,2024
2024-06-11,2024-06-18,5375.3198,5487.0298,5240.0,5205.0,35.0,1.6499999999999995,1.799999999999999,1.0,0.04525714285714284,0.04937142857142854,0.020782019332133528,2024
2024-06-20,2024-06-27,5473.1699,5482.8701,5335.0,5300.0,35.0,0.6999999999999997,0.825,1.0,0.01919999999999999,0.022628571428571425,0.0017723184511411194,2024
2024-06-28,2024-07-05,5460.48,5567.1899,5325.0,5290.0,35.0,0.44999999999999996,0.55,1.0,0.012342857142857142,0.015085714285714286,0.019542219731598864,2024
2024-07-08,2024-07-15,5572.8501,5631.2202,5435.0,5395.0,40.0,0.5999999999999999,0.675,1.0,0.014399999999999996,0.0162,0.010474012211453498,2024
2024-07-16,2024-07-23,5667.2002,5555.7402,5525.0,5490.0,35.0,0.5999999999999999,0.7,1.0,0.016457142857142854,0.0192,-0.019667560006085605,2024
2024-07-24,2024-07-31,5427.1299,5522.2998,5290.0,5255.0,35.0,2.500000000000001,2.799999999999999,1.0,0.06857142857142859,0.07679999999999997,0.01753595394869767,2024
2024-08-01,2024-08-08,5446.6802,5319.3101,5310.0,5275.0,35.0,3.9000000000000004,4.549999999999999,1.0,0.10697142857142858,0.12479999999999995,-0.02338490517581704,2024
2024-08-09,2024-08-16,5344.1602,5554.25,5210.0,5175.0,35.0,3.9000000000000004,4.5,1.0,0.10697142857142858,0.12342857142857144,0.03931203259962146,2024
2024-08-19,2024-08-26,5608.25,5616.8398,5470.0,5430.0,40.0,1.65,1.7999999999999998,1.0,0.039599999999999996,0.043199999999999995,0.0015316364284758688,2024
2024-08-27,2024-09-03,5625.7998,5528.9302,5485.0,5450.0,35.0,0.95,1.0749999999999997,1.0,0.026057142857142855,0.029485714285714282,-0.017218813936464628,2024
2024-09-04,2024-09-11,5520.0698,5554.1299,5380.0,5350.0,30.0,3.4000000000000004,3.700000000000001,1.0,0.10880000000000001,0.11840000000000003,0.006170229948903927,2024
2024-09-12,2024-09-19,5595.7598,5713.6401,5455.0,5420.0,35.0,2.9000000000000004,3.1999999999999993,1.0,0.07954285714285715,0.08777142857142854,0.021066004298468943,2024
2024-09-20,2024-09-27,5702.5498,5738.1699,5560.0,5525.0,35.0,1.5499999999999998,1.7000000000000002,1.0,0.042514285714285706,0.04662857142857143,0.006246346152031901,2024
2024-09-30,2024-10-07,5762.48,5695.9399,5620.0,5580.0,40.0,3.1000000000000005,3.4000000000000004,1.0,0.07440000000000001,0.0816,-0.011547129013896651,2024
2024-10-08,2024-10-15,5751.1299,5815.2598,5605.0,5570.0,35.0,2.5999999999999996,2.8500000000000014,1.0,0.0713142857142857,0.0781714285714286,0.011150834899416928,2024
2024-10-16,2024-10-23,5842.4702,5797.4199,5695.0,5660.0,35.0,1.3999999999999995,1.5999999999999992,1.0,0.03839999999999998,0.043885714285714264,-0.007710830942706415,2024
2024-10-24,2024-10-31,5809.8599,5705.4502,5665.0,5625.0,40.0,1.8999999999999995,2.0999999999999996,1.0,0.04559999999999999,0.050399999999999986,-0.017971121816551916,2024
2024-11-01,2024-11-08,5728.7998,5995.54,5585.0,5550.0,35.0,5.900000000000002,6.300000000000001,1.0,0.16182857142857146,0.1728,0.04656127100130125,2024
2024-11-11,2024-11-18,6001.3501,5893.6201,5850.0,5810.0,40.0,1.1999999999999997,1.4249999999999998,1.0,0.028799999999999992,0.034199999999999994,-0.017950960734651966,2024
2024-11-19,2024-11-26,5916.98,6021.6299,5770.0,5730.0,40.0,2.5,2.6999999999999993,1.0,0.06,0.06479999999999998,0.017686370411933217,2024
2024-11-27,2024-12-04,5998.7402,6086.4902,5850.0,5810.0,40.0,0.5499999999999999,0.625,1.0,0.013199999999999998,0.015,0.014628071407393195,2024
2024-12-05,2024-12-12,6075.1099,6051.25,5925.0,5885.0,40.0,0.9500000000000002,1.0749999999999997,1.0,0.022800000000000004,0.025799999999999997,-0.003927484505259815,2024
2024-12-13,2024-12-20,6051.0898,5930.8501,5900.0,5860.0,40.0,0.8499999999999996,1.025,1.0,0.02039999999999999,0.024599999999999997,-0.01987075121575621,2024
2024-12-23,2024-12-30,5974.0698,5906.9399,5825.0,5785.0,40.0,2.2,2.5,1.0,0.0528,0.06,-0.011236879087016982,2024
2024-12-31,2025-01-07,5881.6299,5909.0298,5735.0,5695.0,40.0,2.3,2.5500000000000003,1.0,0.05519999999999999,0.0612,0.004658555615680626,2024
2025-01-08,2025-01-15,5918.23,5949.9102,5770.0,5730.0,40.0,3.0999999999999996,3.4000000000000004,1.0,0.0744,0.0816,0.0053529856054936875,2025
2025-01-16,2025-01-23,5937.3398,6118.71,5790.0,5750.0,40.0,2.3000000000000003,2.45,1.0,0.055200000000000006,0.0588,0.030547384200581007,2025
2025-01-24,2025-01-31,6101.2402,6040.5298,5950.0,5910.0,40.0,2.0,2.1500000000000004,1.0,0.048,0.0516,-0.009950501539015,2025
2025-02-03,2025-02-10,5994.5698,6066.4399,5845.0,5805.0,40.0,4.1,4.4,1.0,0.09839999999999999,0.1056,0.011989200626206786,2025
2025-02-11,2025-02-18,6068.5,6129.5801,5915.0,5875.0,40.0,1.7000000000000002,1.875,1.0,0.0408,0.045,0.010065106698525117,2025
2025-02-19,2025-02-26,6144.1499,5956.0601,5990.0,5950.0,40.0,1.1999999999999997,1.375,1.0,-0.8196975000000076,-0.8154975000000076,-0.030612827333525883,2025
2025-02-27,2025-03-06,5861.5698,5738.52,5720.0,5675.0,45.0,5.700000000000001,5.950000000000003,1.0,0.12160000000000001,0.1269333333333334,-0.02099263579527788,2025
2025-03-07,2025-03-14,5770.2002,5638.9399,5625.0,5590.0,35.0,6.599999999999998,6.899999999999999,1.0,0.18102857142857137,0.18925714285714282,-0.02274796288697223,2025
2025-03-17,2025-03-24,5675.1201,5767.5698,5535.0,5495.0,40.0,5.5,5.700000000000001,0.0,0.13199999999999998,0.1368,0.016290351282609805,2025
2025-03-25,2025-04-01,5776.6499,5633.0698,5630.0,5595.0,35.0,3.000000000000001,3.200000000000001,1.0,0.08228571428571431,0.0877714285714286,-0.024855253907632546,2025
2025-04-02,2025-04-09,5670.9702,5456.8999,5530.0,5490.0,40.0,6.800000000000001,7.149999999999999,0.0,-0.8368,-0.8284,-0.037748443820071476,2025
2025-04-10,2025-04-17,5268.0498,5282.7002,5135.0,5100.0,35.0,4.5,8.25,0.0,0.12342857142857144,0.22628571428571428,0.002780991174381242,2025
2025-04-21,2025-04-28,5158.2002,5528.75,5030.0,4995.0,35.0,8.399999999999999,8.799999999999997,0.0,0.23039999999999994,0.2413714285714285,0.07183703339005731,2025
2025-04-29,2025-05-06,5560.8301,5606.9102,5420.0,5385.0,35.0,5.399999999999999,5.649999999999999,0.0,0.14811428571428567,0.15497142857142854,0.008286550599702736,2025
2025-05-09,2025-05-16,5659.9102,5958.3799,5520.0,5480.0,40.0,4.999999999999998,5.699999999999999,0.0,0.11999999999999995,0.13679999999999998,0.0527339992072664,2025
2025-05-19,2025-05-27,5963.6001,5921.54,5815.0,5775.0,40.0,3.5999999999999996,3.9000000000000004,1.0,0.08639999999999999,0.0936,-0.007052803557367926,2025
2025-05-28,2025-06-04,5888.5498,5970.8101,5740.0,5705.0,35.0,3.4000000000000004,3.6500000000000004,1.0,0.09325714285714286,0.10011428571428571,0.013969534570294373,2025
2025-06-05,2025-06-12,5939.2998,6045.2598,5790.0,5750.0,40.0,3.700000000000001,3.950000000000001,1.0,0.08880000000000002,0.09480000000000002,0.01784048685334927,2025
2025-06-13,2025-06-20,5976.9702,5967.8398,5830.0,5790.0,40.0,3.5999999999999996,4.350000000000001,1.0,0.08639999999999999,0.10440000000000002,-0.0015275967077768016,2025
2025-06-23,2025-06-30,6025.1699,6204.9502,5875.0,5835.0,40.0,3.0999999999999996,3.25,1.0,0.0744,0.078,0.02983821252907748,2025
2025-07-01,2025-07-08,6198.0098,6225.52,6045.0,6005.0,40.0,1.75,1.9249999999999998,1.0,0.041999999999999996,0.0462,0.004438553808030488,2025
2025-07-09,2025-07-16,6263.2598,6263.7002,6105.0,6065.0,40.0,1.5500000000000003,1.7249999999999996,1.0,0.037200000000000004,0.04139999999999999,7.031482232311426e-05,2025
2025-07-17,2025-07-24,6297.3599,6363.3501,6140.0,6100.0,40.0,1.7000000000000002,1.7999999999999998,1.0,0.0408,0.043199999999999995,0.01047902629798858,2025
2025-07-25,2025-08-01,6388.6401,6238.0098,6230.0,6185.0,45.0,2.4000000000000004,2.55,1.0,0.05120000000000001,0.0544,-0.023577834663123354,2025
2025-08-04,2025-08-11,6329.9399,6373.4502,6170.0,6130.0,40.0,2.4000000000000004,2.55,1.0,0.057600000000000005,0.0612,0.006873730349319818,2025
2025-08-12,2025-08-19,6445.7598,6411.3701,6285.0,6240.0,45.0,1.4,1.5999999999999996,1.0,0.029866666666666663,0.03413333333333332,-0.005335243798566536,2025
2025-08-20,2025-08-27,6395.7798,6481.3999,6235.0,6195.0,40.0,2.5,2.6000000000000005,1.0,0.06,0.06240000000000001,0.013386968075417505,2025
2025-08-28,2025-09-04,6501.8599,6502.0801,6340.0,6295.0,45.0,0.7999999999999998,0.9000000000000004,1.0,0.01706666666666666,0.01920000000000001,3.386723235920819e-05,2025
2025-09-05,2025-09-12,6481.5,6584.29,6320.0,6275.0,45.0,2.0000000000000004,2.2,1.0,0.04266666666666667,0.046933333333333334,0.015858983260047754,2025
2025-09-15,2025-09-22,6615.2798,6693.75,6450.0,6405.0,45.0,2.3,2.3999999999999986,1.0,0.04906666666666666,0.05119999999999997,0.011861962361743084,2025
2025-09-23,2025-09-30,6656.9199,6688.46,6490.0,6445.0,45.0,1.8999999999999995,2.049999999999999,1.0,0.04053333333333332,0.043733333333333305,0.004737941942188684,2025
2025-10-01,2025-10-08,6711.2002,6753.7202,6545.0,6500.0,45.0,1.6999999999999993,1.8999999999999986,1.0,0.03626666666666665,0.0405333333333333,0.006335677484334168,2025
2025-10-09,2025-10-16,6735.1099,6629.0698,6565.0,6525.0,40.0,1.7999999999999998,1.950000000000001,1.0,0.043199999999999995,0.04680000000000002,-0.01574437560402686,2025
2025-10-17,2025-10-24,6664.0098,6791.6899,6495.0,6455.0,40.0,3.900000000000002,4.199999999999999,1.0,0.09360000000000004,0.10079999999999997,0.01915965069559178,2025
2025-10-27,2025-11-03,6875.1602,6851.9702,6705.0,6660.0,45.0,2.5999999999999996,2.6999999999999984,1.0,0.05546666666666666,0.057599999999999964,-0.0033730123117713395,2025
2025-11-04,2025-11-11,6771.5498,6846.6099,6600.0,6560.0,40.0,3.0999999999999996,3.4000000000000004,1.0,0.0744,0.0816,0.011084626446961954,2025
2025-11-12,2025-11-19,6850.9199,6642.1602,6680.0,6635.0,45.0,2.5999999999999996,2.799999999999999,1.0,-0.785417777777772,-0.7811511111111054,-0.03047177649821886,2025
2025-11-20,2025-11-26,6538.7598,6812.6099,6375.0,6330.0,45.0,6.600000000000001,7.100000000000001,1.0,0.14080000000000004,0.1514666666666667,0.04188104600508513,2025
2025-11-28,2025-12-05,6849.0898,6870.3999,6680.0,6635.0,45.0,2.3,2.5999999999999996,1.0,0.04906666666666666,0.05546666666666666,0.0031113769306982952,2025
2025-12-08,2025-12-15,6846.5098,6816.5098,6675.0,6630.0,45.0,3.2,3.4000000000000004,1.0,0.06826666666666667,0.07253333333333334,-0.004381794648128601,2025
2025-12-16,2025-12-23,6800.2598,6909.79,6630.0,6585.0,45.0,3.0,3.25,1.0,0.064,0.06933333333333333,0.016106766979696818,2025
2025-12-24,2025-12-31,6932.0498,6845.5,6760.0,6715.0,45.0,0.75,0.875,1.0,0.016,0.018666666666666665,-0.012485455600737327,2025
2026-01-02,2026-01-09,6858.4702,6966.2798,6685.0,6640.0,45.0,1.5499999999999998,1.725,1.0,0.03306666666666666,0.0368,0.01571919055651816,2026
2026-01-12,2026-01-20,6977.27,6796.8599,6805.0,6755.0,50.0,1.9,2.0749999999999993,1.0,-0.1263219999999924,-0.12296199999999242,-0.02585683225674229,2026
2026-01-21,2026-01-28,6875.6201,6978.0298,6705.0,6660.0,45.0,3.1000000000000005,3.3499999999999996,1.0,0.06613333333333335,0.07146666666666666,0.014894612923712858,2026
2026-01-29,2026-02-05,6969.0098,6798.3999,6795.0,6750.0,45.0,3.5999999999999996,3.799999999999999,1.0,0.0768,0.08106666666666663,-0.02448122543894249,2026
2026-02-06,2026-02-13,6932.2998,6836.1699,6760.0,6715.0,45.0,4.300000000000001,4.6,1.0,0.09173333333333333,0.09813333333333332,-0.013866956532953112,2026
2026-02-17,2026-02-24,6843.2202,6890.0698,6670.0,6625.0,45.0,5.0,5.250000000000002,1.0,0.10666666666666666,0.11200000000000004,0.006846133637494312,2026
2026-02-25,2026-03-04,6946.1299,6869.5,6770.0,6725.0,45.0,3.5999999999999996,3.8499999999999996,1.0,0.0768,0.08213333333333332,-0.011032028065009247,2026
2026-03-05,2026-03-12,6830.71,6672.6201,6660.0,6615.0,45.0,6.5,6.75,1.0,0.13866666666666666,0.144,-0.023143992352185894,2026
2026-03-13,2026-03-20,6632.1899,6506.48,6465.0,6425.0,40.0,7.100000000000001,7.850000000000001,1.0,0.17040000000000002,0.18840000000000004,-0.018954508525155567,2026
2026-03-23,2026-03-30,6581.0,6343.7202,6415.0,6375.0,40.0,7.5000000000000036,7.8500000000000085,0.0,-0.82,-0.8115999999999998,-0.03605528035253003,2026
2026-03-31,2026-04-07,6528.52,6616.8501,6365.0,6325.0,40.0,6.0,6.399999999999999,0.0,0.144,0.15359999999999996,0.013529881198188765,2026
2026-04-08,2026-04-15,6782.8101,7126.0601,6615.0,6570.0,45.0,5.199999999999999,5.499999999999998,1.0,0.11093333333333331,0.1173333333333333,0.05060586909251663,2026
2026-04-16,2026-04-23,7041.2798,7108.3999,6865.0,6820.0,45.0,3.3000000000000007,3.5500000000000007,1.0,0.07040000000000002,0.07573333333333335,0.00953237222585579,2026
2026-04-24,2026-05-01,7165.0801,7230.1201,6985.0,6940.0,45.0,4.6,4.800000000000001,1.0,0.09813333333333332,0.10240000000000002,0.009077358395477075,2026
2026-05-04,2026-05-11,7200.75,7412.8398,7020.0,6975.0,45.0,3.799999999999999,4.050000000000001,1.0,0.08106666666666663,0.0864,0.02945384855744182,2026
2026-05-12,2026-05-19,7400.96,7353.6099,7215.0,7170.0,45.0,3.0999999999999996,3.299999999999999,1.0,0.06613333333333332,0.07039999999999998,-0.006397832173123397,2026
2026-05-20,2026-05-27,7432.9702,7520.3599,7245.0,7200.0,45.0,3.3,3.5,1.0,0.07039999999999999,0.07466666666666666,0.011757036238353447,2026
2026-05-28,2026-06-04,7563.6269,7584.3101,7375.0,7325.0,50.0,1.7999999999999998,2.0000000000000004,1.0,0.034559999999999994,0.03840000000000001,0.002734561113795664,2026
2026-06-05,2026-06-12,7383.7402,7431.46,7200.0,7150.0,50.0,6.600000000000001,7.0,1.0,0.12672000000000003,0.1344,0.006462822188678885,2026
